Month,simple-java-mail,clustered-object-pool,email-rfc2822-validator,generic-object-pool,java-socks-proxy-server,java-utils-mail-dkim,java-utils-mail-smime,outlook-message-parser,rtf-to-html,simplejavamail.org,smtp-connection-pool,total-active-project-weeks
2009-04,1,0,0,0,0,0,0,0,0,0,0,1
2009-05,0,0,0,0,0,0,0,0,0,0,0,0
2009-06,1,0,0,0,0,0,0,0,0,0,0,1
2009-07,0,0,0,0,0,0,0,0,0,0,0,0
2009-08,0,0,0,0,0,0,0,0,0,0,0,0
2009-09,0,0,0,0,0,0,0,0,0,0,0,0
2009-10,0,0,0,0,0,0,0,0,0,0,0,0
2009-11,0,0,0,0,0,0,0,0,0,0,0,0
2009-12,0,0,0,0,0,0,0,0,0,0,0,0
2010-01,0,0,0,0,0,0,0,0,0,0,0,0
2010-02,0,0,0,0,0,0,0,0,0,0,0,0
2010-03,0,0,0,0,0,0,0,0,0,0,0,0
2010-04,0,0,0,0,0,0,0,0,0,0,0,0
2010-05,1,0,0,0,0,0,0,0,0,0,0,1
2010-06,0,0,0,0,0,0,0,0,0,0,0,0
2010-07,0,0,0,0,0,0,0,0,0,0,0,0
2010-08,0,0,0,0,0,0,0,0,0,0,0,0
2010-09,0,0,0,0,0,0,0,0,0,0,0,0
2010-10,0,0,0,0,0,0,0,0,0,0,0,0
2010-11,0,0,0,0,0,0,0,0,0,0,0,0
2010-12,0,0,0,0,0,0,0,0,0,0,0,0
2011-01,2,0,0,0,0,0,0,0,0,0,0,2
2011-02,0,0,0,0,0,0,0,0,0,0,0,0
2011-03,2,0,0,0,0,0,0,0,0,0,0,2
2011-04,0,0,0,0,0,0,0,0,0,0,0,0
2011-05,0,0,0,0,0,0,0,0,0,0,0,0
2011-06,0,0,0,0,0,0,0,0,0,0,0,0
2011-07,2,0,0,0,0,0,0,0,0,0,0,2
2011-08,2,0,0,0,0,0,0,0,0,0,0,2
2011-09,0,0,0,0,0,0,0,0,0,0,0,0
2011-10,0,0,0,0,0,0,0,0,0,0,0,0
2011-11,0,0,0,0,0,0,0,0,0,0,0,0
2011-12,0,0,0,0,0,0,0,0,0,0,0,0
2012-01,1,0,0,0,0,0,0,0,0,0,0,1
2012-02,0,0,0,0,0,0,0,0,0,0,0,0
2012-03,0,0,0,0,0,0,0,0,0,0,0,0
2012-04,0,0,0,0,0,0,0,0,0,0,0,0
2012-05,0,0,0,0,0,0,0,0,0,0,0,0
2012-06,2,0,0,0,0,0,0,0,0,0,0,2
2012-07,0,0,0,0,0,0,0,0,0,0,0,0
2012-08,1,0,0,0,0,0,0,0,0,0,0,1
2012-09,0,0,0,0,0,0,0,0,0,0,0,0
2012-10,0,0,0,0,0,0,0,0,0,0,0,0
2012-11,0,0,0,0,0,0,0,0,0,0,0,0
2012-12,0,0,0,0,0,0,0,0,0,0,0,0
2013-01,0,0,0,0,0,0,0,0,0,0,0,0
2013-02,0,0,0,0,0,0,0,0,0,0,0,0
2013-03,0,0,0,0,0,0,0,0,0,0,0,0
2013-04,0,0,0,0,0,0,0,0,0,0,0,0
2013-05,0,0,0,0,0,0,0,0,0,0,0,0
2013-06,0,0,0,0,0,0,0,0,0,0,0,0
2013-07,0,0,0,0,0,0,0,0,0,0,0,0
2013-08,0,0,0,0,0,0,0,0,0,0,0,0
2013-09,0,0,0,0,0,0,0,0,0,0,0,0
2013-10,0,0,0,0,0,0,0,0,0,0,0,0
2013-11,0,0,0,0,0,0,0,0,0,0,0,0
2013-12,0,0,0,0,0,0,0,0,0,0,0,0
2014-01,0,0,0,0,0,0,0,0,0,0,0,0
2014-02,0,0,0,0,0,0,0,0,0,0,0,0
2014-03,0,0,0,0,0,0,0,0,0,0,0,0
2014-04,0,0,0,0,0,0,0,0,0,0,0,0
2014-05,0,0,0,0,0,0,0,0,0,0,0,0
2014-06,0,0,0,0,0,0,0,0,0,0,0,0
2014-07,0,0,0,0,0,0,0,0,0,0,0,0
2014-08,0,0,0,0,0,0,0,0,0,0,0,0
2014-09,0,0,0,0,0,0,0,0,0,0,0,0
2014-10,0,0,0,0,0,0,0,0,0,0,0,0
2014-11,0,0,0,0,0,1,0,0,0,0,0,1
2014-12,0,0,0,0,0,0,0,0,0,0,0,0
2015-01,0,0,0,0,0,0,0,0,0,0,0,0
2015-02,0,0,0,0,0,0,0,0,0,0,0,0
2015-03,0,0,0,0,0,0,0,0,0,0,0,0
2015-04,2,0,0,0,0,0,0,0,0,0,0,2
2015-05,1,0,0,0,0,0,0,0,0,0,0,1
2015-06,0,0,0,0,0,0,0,0,0,0,0,0
2015-07,1,0,0,0,0,0,0,0,0,0,0,1
2015-08,1,0,0,0,0,0,0,0,0,0,0,1
2015-09,1,0,0,0,0,0,0,0,0,0,0,1
2015-10,0,0,0,0,0,3,4,0,0,0,0,7
2015-11,0,0,0,0,0,4,3,0,0,0,0,7
2015-12,0,0,0,0,0,1,0,0,0,0,0,1
2016-01,2,0,0,0,0,3,3,0,0,0,0,8
2016-02,2,0,2,0,0,1,1,0,0,0,0,6
2016-03,0,0,1,0,0,2,2,0,0,0,0,5
2016-04,2,0,0,0,0,2,2,0,0,0,0,6
2016-05,5,0,1,0,0,2,1,0,0,3,0,12
2016-06,4,0,0,0,0,0,0,0,0,3,0,7
2016-07,3,0,0,0,0,2,2,0,0,3,0,10
2016-08,2,0,0,0,0,0,0,0,0,2,0,4
2016-09,0,0,0,0,0,0,0,0,0,0,0,0
2016-10,0,0,0,0,0,0,0,0,0,0,0,0
2016-11,2,0,1,0,0,1,0,0,0,1,0,5
2016-12,1,0,0,0,0,0,0,0,0,1,0,2
2017-01,3,0,0,0,0,0,0,0,0,1,0,4
2017-02,1,0,0,0,0,1,0,1,0,1,0,4
2017-03,2,0,0,0,0,1,1,1,0,1,0,6
2017-04,1,0,0,0,0,0,0,0,0,1,0,2
2017-05,3,0,0,0,0,0,0,0,0,2,0,5
2017-06,0,0,0,0,0,0,0,0,0,0,0,0
2017-07,1,0,0,0,0,0,0,0,0,0,0,1
2017-08,4,0,1,0,0,0,1,0,0,4,0,10
2017-09,0,0,0,0,0,0,0,0,0,0,0,0
2017-10,2,0,0,0,0,0,0,0,0,2,0,4
2017-11,4,0,0,0,0,0,0,0,0,2,0,6
2017-12,4,0,0,0,0,3,0,0,0,2,0,9
2018-01,1,0,0,0,0,0,0,0,0,0,0,1
2018-02,2,0,0,0,0,0,0,0,0,2,0,4
2018-03,1,0,1,0,0,1,0,0,0,0,0,3
2018-04,3,0,0,0,0,0,0,0,0,0,0,3
2018-05,1,0,0,0,0,0,0,0,0,1,0,2
2018-06,3,0,0,0,0,0,0,0,0,2,0,5
2018-07,5,0,0,0,0,0,0,1,0,2,0,8
2018-08,4,0,0,0,0,0,0,1,0,0,0,5
2018-09,3,0,0,0,0,0,0,0,0,0,0,3
2018-10,3,0,0,0,0,1,0,1,0,0,0,5
2018-11,3,0,0,0,0,0,0,0,0,0,0,3
2018-12,4,0,1,0,0,0,0,0,0,3,0,8
2019-01,3,0,1,0,0,0,0,0,0,2,0,6
2019-02,3,0,0,0,0,0,0,0,0,1,0,4
2019-03,1,0,1,0,0,0,0,1,0,1,0,4
2019-04,4,0,0,0,0,0,1,3,0,2,0,10
2019-05,4,0,0,0,0,0,1,1,0,3,0,9
2019-06,3,0,2,2,0,1,0,0,0,1,3,12
2019-07,1,0,0,0,0,1,0,0,0,1,1,4
2019-08,4,0,0,0,0,0,0,0,0,2,1,7
2019-09,3,0,0,0,0,1,0,1,0,2,0,7
2019-10,4,0,0,2,0,3,0,3,3,2,2,19
2019-11,4,0,1,1,0,0,0,1,1,1,1,10
2019-12,4,0,1,0,1,2,0,1,0,2,0,11
2020-01,3,0,0,1,0,0,0,3,0,2,1,10
2020-02,3,0,0,0,0,1,0,0,0,0,0,4
2020-03,2,0,1,0,0,0,0,0,0,1,2,6
2020-04,0,0,0,0,0,0,0,0,0,1,0,1
2020-05,2,0,0,0,0,0,0,1,0,0,0,3
2020-06,2,0,2,0,1,0,0,1,0,0,0,6
2020-07,4,0,0,0,1,0,1,3,0,3,0,12
2020-08,1,0,1,0,0,1,0,1,0,0,0,4
2020-09,2,0,0,0,0,0,0,0,0,0,0,2
2020-10,1,0,0,0,1,0,0,1,0,0,0,3
2020-11,0,0,0,0,0,1,0,0,0,1,0,2
2020-12,0,0,0,0,0,0,0,0,0,1,0,1
2021-01,1,0,0,0,0,0,0,0,0,0,0,1
2021-02,2,0,1,0,0,1,0,1,0,3,0,8
2021-03,0,0,0,0,1,0,0,0,0,3,0,4
2021-04,2,0,0,0,1,0,0,0,0,1,0,4
2021-05,3,0,0,0,0,0,0,0,1,4,0,8
2021-06,3,0,0,0,0,0,1,2,0,0,2,8
2021-07,0,0,0,0,0,0,0,0,0,0,0,0
2021-08,0,0,0,0,0,0,0,0,0,0,0,0
2021-09,0,0,0,0,0,0,0,0,1,0,0,1
2021-10,1,0,0,0,0,0,0,0,0,0,0,1
2021-11,2,0,0,0,0,0,0,1,0,0,0,3
2021-12,2,1,0,1,1,1,1,0,0,1,1,9
2022-01,4,0,0,0,0,0,1,1,0,1,0,7
2022-02,1,0,0,0,0,0,0,0,0,0,0,1
2022-03,1,1,0,1,0,0,0,0,0,0,1,4
2022-04,0,0,0,0,0,0,0,0,0,1,0,1
2022-05,1,0,0,0,0,0,1,1,0,0,0,3
2022-06,0,0,0,0,0,0,0,0,0,0,0,0
2022-07,3,0,0,0,0,0,0,2,0,2,0,7
2022-08,1,0,0,0,0,0,0,0,0,0,0,1
2022-09,0,0,0,0,0,0,0,0,0,0,0,0
2022-10,0,0,0,0,0,0,0,0,0,0,0,0
2022-11,1,0,0,0,0,0,0,0,0,0,0,1
2022-12,2,0,0,0,0,0,0,0,0,0,0,2
2023-01,4,0,1,0,0,0,0,0,0,3,3,11
2023-02,3,0,0,0,0,0,0,0,0,2,0,5
2023-03,3,0,0,0,0,0,0,0,0,1,0,4
2023-04,2,0,0,0,0,0,1,0,0,1,0,4
2023-05,0,0,0,0,0,0,0,0,0,1,0,1
2023-06,2,0,0,0,0,0,1,0,0,0,0,3
2023-07,1,0,0,0,0,0,1,0,0,0,0,2
2023-08,0,0,0,0,0,0,0,0,0,1,0,1
2023-09,0,0,0,0,0,0,1,0,0,0,0,1
2023-10,2,0,0,0,0,0,1,1,0,1,0,5
2023-11,2,0,0,0,0,0,0,0,0,0,0,2
2023-12,2,0,0,0,1,0,1,2,0,1,0,7
2024-01,2,0,0,0,1,1,1,1,0,0,1,7
2024-02,1,0,0,0,0,0,0,0,0,0,0,1
2024-03,3,0,0,0,1,0,1,2,0,2,0,9
2024-04,4,1,0,1,2,1,3,2,0,2,1,17
2024-05,3,2,0,4,2,0,1,1,1,0,1,15
2024-06,1,1,0,0,0,0,0,3,1,0,1,7
2024-07,0,0,0,0,0,0,0,0,0,0,0,0
2024-08,0,0,0,0,0,0,0,0,0,0,0,0
2024-09,3,1,0,1,2,0,0,0,0,1,1,9
2024-10,1,0,0,0,0,0,0,0,0,0,0,1
2024-11,2,0,0,0,0,0,0,0,0,0,0,2
2024-12,1,0,0,0,0,0,0,0,0,0,0,1
2025-01,1,0,0,0,0,1,0,0,0,0,0,2
2025-02,0,0,0,0,0,0,0,0,0,0,0,0
2025-03,1,0,0,0,0,0,1,0,0,0,0,2
2025-04,1,0,0,0,0,1,0,0,0,0,0,2
2025-05,0,0,0,0,0,0,0,0,0,0,0,0
2025-06,0,0,0,0,0,0,0,1,0,0,0,1
2025-07,0,0,0,0,0,0,0,0,0,0,0,0
2025-08,0,0,0,0,0,0,0,0,0,0,0,0
2025-09,0,0,0,0,0,0,0,0,0,0,0,0
2025-10,0,0,0,0,0,0,0,0,0,0,0,0
2025-11,0,0,0,0,0,0,0,0,0,0,0,0
2025-12,0,0,0,0,0,0,0,0,0,0,0,0
2026-01,0,0,0,0,0,0,0,0,0,0,0,0
2026-02,0,0,0,0,0,0,0,0,0,0,0,0
2026-03,1,0,0,0,0,0,0,0,0,0,0,1
2026-04,0,0,0,0,0,0,0,0,0,0,0,0
2026-05,1,0,0,0,0,0,0,0,0,0,0,1
2026-06,1,0,0,0,0,1,0,1,0,0,0,3
2026-07,1,0,1,1,1,1,1,1,1,1,1,10
2026-08,4,0,0,2,1,1,1,2,2,4,2,19
